Talukas,,,,,,,,,,
Taluka/Tehsil,District,Revenue Division,Revenue Head,Rural Development Head,Primary Local Office,LGD Code,Status,Verification Status,Last Verified,Source URL
Mumbai City,Mumbai City,Konkan,Tehsildar,Block Development Officer,Taluka/Block office,Needs official LGD code,Active,Partially verified,2026-07-13,https://lgdirectory.gov.in/
Andheri,Mumbai Suburban,Konkan,Tehsildar,Block Development Officer,Taluka/Block office,Needs official LGD code,Active,Partially verified,2026-07-13,https://lgdirectory.gov.in/
Borivali,Mumbai Suburban,Konkan,Tehsildar,Block Development Officer,Taluka/Block office,Needs official LGD code,Active,Partially verified,2026-07-13,https://lgdirectory.gov.in/
Kurla,Mumbai Suburban,Konkan,Tehsildar,Block Development Officer,Taluka/Block office,Needs official LGD code,Active,Partially verified,2026-07-13,https://lgdirectory.gov.in/
Thane,Thane,Konkan,Tehsildar,Block Development Officer,Taluka/Block office,Needs official LGD code,Active,Partially verified,2026-07-13,https://lgdirectory.gov.in/
Kalyan,Thane,Konkan,Tehsildar,Block Development Officer,Taluka/Block office,Needs official LGD code,Active,Partially verified,2026-07-13,https://lgdirectory.gov.in/
Murbad,Thane,Konkan,Tehsildar,Block Development Officer,Taluka/Block office,Needs official LGD code,Active,Partially verified,2026-07-13,https://lgdirectory.gov.in/
Bhiwandi,Thane,Konkan,Tehsildar,Block Development Officer,Taluka/Block office,Needs official LGD code,Active,Partially verified,2026-07-13,https://lgdirectory.gov.in/
Shahapur,Thane,Konkan,Tehsildar,Block Development Officer,Taluka/Block office,Needs official LGD code,Active,Partially verified,2026-07-13,https://lgdirectory.gov.in/
Ulhasnagar,Thane,Konkan,Tehsildar,Block Development Officer,Taluka/Block office,Needs official LGD code,Active,Partially verified,2026-07-13,https://lgdirectory.gov.in/
Ambarnath,Thane,Konkan,Tehsildar,Block Development Officer,Taluka/Block office,Needs official LGD code,Active,Partially verified,2026-07-13,https://lgdirectory.gov.in/
Palghar,Palghar,Konkan,Tehsildar,Block Development Officer,Taluka/Block office,Needs official LGD code,Active,Partially verified,2026-07-13,https://lgdirectory.gov.in/
Vasai,Palghar,Konkan,Tehsildar,Block Development Officer,Taluka/Block office,Needs official LGD code,Active,Partially verified,2026-07-13,https://lgdirectory.gov.in/
Dahanu,Palghar,Konkan,Tehsildar,Block Development Officer,Taluka/Block office,Needs official LGD code,Active,Partially verified,2026-07-13,https://lgdirectory.gov.in/
Talasari,Palghar,Konkan,Tehsildar,Block Development Officer,Taluka/Block office,Needs official LGD code,Active,Partially verified,2026-07-13,https://lgdirectory.gov.in/
Jawhar,Palghar,Konkan,Tehsildar,Block Development Officer,Taluka/Block office,Needs official LGD code,Active,Partially verified,2026-07-13,https://lgdirectory.gov.in/
Mokhada,Palghar,Konkan,Tehsildar,Block Development Officer,Taluka/Block office,Needs official LGD code,Active,Partially verified,2026-07-13,https://lgdirectory.gov.in/
Vikramgad,Palghar,Konkan,Tehsildar,Block Development Officer,Taluka/Block office,Needs official LGD code,Active,Partially verified,2026-07-13,https://lgdirectory.gov.in/
Wada,Palghar,Konkan,Tehsildar,Block Development Officer,Taluka/Block office,Needs official LGD code,Active,Partially verified,2026-07-13,https://lgdirectory.gov.in/
Alibag,Raigad,Konkan,Tehsildar,Block Development Officer,Taluka/Block office,Needs official LGD code,Active,Partially verified,2026-07-13,https://lgdirectory.gov.in/
Panvel,Raigad,Konkan,Tehsildar,Block Development Officer,Taluka/Block office,Needs official LGD code,Active,Partially verified,2026-07-13,https://lgdirectory.gov.in/
Uran,Raigad,Konkan,Tehsildar,Block Development Officer,Taluka/Block office,Needs official LGD code,Active,Partially verified,2026-07-13,https://lgdirectory.gov.in/
Karjat,Raigad,Konkan,Tehsildar,Block Development Officer,Taluka/Block office,Needs official LGD code,Active,Partially verified,2026-07-13,https://lgdirectory.gov.in/
Khalapur,Raigad,Konkan,Tehsildar,Block Development Officer,Taluka/Block office,Needs official LGD code,Active,Partially verified,2026-07-13,https://lgdirectory.gov.in/
Pen,Raigad,Konkan,Tehsildar,Block Development Officer,Taluka/Block office,Needs official LGD code,Active,Partially verified,2026-07-13,https://lgdirectory.gov.in/
Roha,Raigad,Konkan,Tehsildar,Block Development Officer,Taluka/Block office,Needs official LGD code,Active,Partially verified,2026-07-13,https://lgdirectory.gov.in/
Murud,Raigad,Konkan,Tehsildar,Block Development Officer,Taluka/Block office,Needs official LGD code,Active,Partially verified,2026-07-13,https://lgdirectory.gov.in/
Mangaon,Raigad,Konkan,Tehsildar,Block Development Officer,Taluka/Block office,Needs official LGD code,Active,Partially verified,2026-07-13,https://lgdirectory.gov.in/
Tala,Raigad,Konkan,Tehsildar,Block Development Officer,Taluka/Block office,Needs official LGD code,Active,Partially verified,2026-07-13,https://lgdirectory.gov.in/
Shrivardhan,Raigad,Konkan,Tehsildar,Block Development Officer,Taluka/Block office,Needs official LGD code,Active,Partially verified,2026-07-13,https://lgdirectory.gov.in/
Mhasla,Raigad,Konkan,Tehsildar,Block Development Officer,Taluka/Block office,Needs official LGD code,Active,Partially verified,2026-07-13,https://lgdirectory.gov.in/
Mahad,Raigad,Konkan,Tehsildar,Block Development Officer,Taluka/Block office,Needs official LGD code,Active,Partially verified,2026-07-13,https://lgdirectory.gov.in/
Poladpur,Raigad,Konkan,Tehsildar,Block Development Officer,Taluka/Block office,Needs official LGD code,Active,Partially verified,2026-07-13,https://lgdirectory.gov.in/
Sudhagad,Raigad,Konkan,Tehsildar,Block Development Officer,Taluka/Block office,Needs official LGD code,Active,Partially verified,2026-07-13,https://lgdirectory.gov.in/
Ratnagiri,Ratnagiri,Konkan,Tehsildar,Block Development Officer,Taluka/Block office,Needs official LGD code,Active,Partially verified,2026-07-13,https://lgdirectory.gov.in/
Chiplun,Ratnagiri,Konkan,Tehsildar,Block Development Officer,Taluka/Block office,Needs official LGD code,Active,Partially verified,2026-07-13,https://lgdirectory.gov.in/
Dapoli,Ratnagiri,Konkan,Tehsildar,Block Development Officer,Taluka/Block office,Needs official LGD code,Active,Partially verified,2026-07-13,https://lgdirectory.gov.in/
Khed,Ratnagiri,Konkan,Tehsildar,Block Development Officer,Taluka/Block office,Needs official LGD code,Active,Partially verified,2026-07-13,https://lgdirectory.gov.in/
Guhagar,Ratnagiri,Konkan,Tehsildar,Block Development Officer,Taluka/Block office,Needs official LGD code,Active,Partially verified,2026-07-13,https://lgdirectory.gov.in/
Mandangad,Ratnagiri,Konkan,Tehsildar,Block Development Officer,Taluka/Block office,Needs official LGD code,Active,Partially verified,2026-07-13,https://lgdirectory.gov.in/
Sangameshwar,Ratnagiri,Konkan,Tehsildar,Block Development Officer,Taluka/Block office,Needs official LGD code,Active,Partially verified,2026-07-13,https://lgdirectory.gov.in/
Lanja,Ratnagiri,Konkan,Tehsildar,Block Development Officer,Taluka/Block office,Needs official LGD code,Active,Partially verified,2026-07-13,https://lgdirectory.gov.in/
Rajapur,Ratnagiri,Konkan,Tehsildar,Block Development Officer,Taluka/Block office,Needs official LGD code,Active,Partially verified,2026-07-13,https://lgdirectory.gov.in/
Kudal,Sindhudurg,Konkan,Tehsildar,Block Development Officer,Taluka/Block office,Needs official LGD code,Active,Partially verified,2026-07-13,https://lgdirectory.gov.in/
Kankavli,Sindhudurg,Konkan,Tehsildar,Block Development Officer,Taluka/Block office,Needs official LGD code,Active,Partially verified,2026-07-13,https://lgdirectory.gov.in/
Malvan,Sindhudurg,Konkan,Tehsildar,Block Development Officer,Taluka/Block office,Needs official LGD code,Active,Partially verified,2026-07-13,https://lgdirectory.gov.in/
Sawantwadi,Sindhudurg,Konkan,Tehsildar,Block Development Officer,Taluka/Block office,Needs official LGD code,Active,Partially verified,2026-07-13,https://lgdirectory.gov.in/
Vengurla,Sindhudurg,Konkan,Tehsildar,Block Development Officer,Taluka/Block office,Needs official LGD code,Active,Partially verified,2026-07-13,https://lgdirectory.gov.in/
Devgad,Sindhudurg,Konkan,Tehsildar,Block Development Officer,Taluka/Block office,Needs official LGD code,Active,Partially verified,2026-07-13,https://lgdirectory.gov.in/
Dodamarg,Sindhudurg,Konkan,Tehsildar,Block Development Officer,Taluka/Block office,Needs official LGD code,Active,Partially verified,2026-07-13,https://lgdirectory.gov.in/
Vaibhavwadi,Sindhudurg,Konkan,Tehsildar,Block Development Officer,Taluka/Block office,Needs official LGD code,Active,Partially verified,2026-07-13,https://lgdirectory.gov.in/
Haveli,Pune,Pune,Tehsildar,Block Development Officer,Taluka/Block office,Needs official LGD code,Active,Partially verified,2026-07-13,https://lgdirectory.gov.in/
Pune City,Pune,Pune,Tehsildar,Block Development Officer,Taluka/Block office,Needs official LGD code,Active,Partially verified,2026-07-13,https://lgdirectory.gov.in/
Maval,Pune,Pune,Tehsildar,Block Development Officer,Taluka/Block office,Needs official LGD code,Active,Partially verified,2026-07-13,https://lgdirectory.gov.in/
Mulshi,Pune,Pune,Tehsildar,Block Development Officer,Taluka/Block office,Needs official LGD code,Active,Partially verified,2026-07-13,https://lgdirectory.gov.in/
Bhor,Pune,Pune,Tehsildar,Block Development Officer,Taluka/Block office,Needs official LGD code,Active,Partially verified,2026-07-13,https://lgdirectory.gov.in/
Velhe,Pune,Pune,Tehsildar,Block Development Officer,Taluka/Block office,Needs official LGD code,Active,Partially verified,2026-07-13,https://lgdirectory.gov.in/
Purandar,Pune,Pune,Tehsildar,Block Development Officer,Taluka/Block office,Needs official LGD code,Active,Partially verified,2026-07-13,https://lgdirectory.gov.in/
Baramati,Pune,Pune,Tehsildar,Block Development Officer,Taluka/Block office,Needs official LGD code,Active,Partially verified,2026-07-13,https://lgdirectory.gov.in/
Indapur,Pune,Pune,Tehsildar,Block Development Officer,Taluka/Block office,Needs official LGD code,Active,Partially verified,2026-07-13,https://lgdirectory.gov.in/
Daund,Pune,Pune,Tehsildar,Block Development Officer,Taluka/Block office,Needs official LGD code,Active,Partially verified,2026-07-13,https://lgdirectory.gov.in/
Shirur,Pune,Pune,Tehsildar,Block Development Officer,Taluka/Block office,Needs official LGD code,Active,Partially verified,2026-07-13,https://lgdirectory.gov.in/
Khed,Pune,Pune,Tehsildar,Block Development Officer,Taluka/Block office,Needs official LGD code,Active,Partially verified,2026-07-13,https://lgdirectory.gov.in/
Junnar,Pune,Pune,Tehsildar,Block Development Officer,Taluka/Block office,Needs official LGD code,Active,Partially verified,2026-07-13,https://lgdirectory.gov.in/
Ambegaon,Pune,Pune,Tehsildar,Block Development Officer,Taluka/Block office,Needs official LGD code,Active,Partially verified,2026-07-13,https://lgdirectory.gov.in/
Satara,Satara,Pune,Tehsildar,Block Development Officer,Taluka/Block office,Needs official LGD code,Active,Partially verified,2026-07-13,https://lgdirectory.gov.in/
Karad,Satara,Pune,Tehsildar,Block Development Officer,Taluka/Block office,Needs official LGD code,Active,Partially verified,2026-07-13,https://lgdirectory.gov.in/
Wai,Satara,Pune,Tehsildar,Block Development Officer,Taluka/Block office,Needs official LGD code,Active,Partially verified,2026-07-13,https://lgdirectory.gov.in/
Koregaon,Satara,Pune,Tehsildar,Block Development Officer,Taluka/Block office,Needs official LGD code,Active,Partially verified,2026-07-13,https://lgdirectory.gov.in/
Phaltan,Satara,Pune,Tehsildar,Block Development Officer,Taluka/Block office,Needs official LGD code,Active,Partially verified,2026-07-13,https://lgdirectory.gov.in/
Man,Satara,Pune,Tehsildar,Block Development Officer,Taluka/Block office,Needs official LGD code,Active,Partially verified,2026-07-13,https://lgdirectory.gov.in/
Khatav,Satara,Pune,Tehsildar,Block Development Officer,Taluka/Block office,Needs official LGD code,Active,Partially verified,2026-07-13,https://lgdirectory.gov.in/
Patan,Satara,Pune,Tehsildar,Block Development Officer,Taluka/Block office,Needs official LGD code,Active,Partially verified,2026-07-13,https://lgdirectory.gov.in/
Jaoli,Satara,Pune,Tehsildar,Block Development Officer,Taluka/Block office,Needs official LGD code,Active,Partially verified,2026-07-13,https://lgdirectory.gov.in/
Mahabaleshwar,Satara,Pune,Tehsildar,Block Development Officer,Taluka/Block office,Needs official LGD code,Active,Partially verified,2026-07-13,https://lgdirectory.gov.in/
Khandala,Satara,Pune,Tehsildar,Block Development Officer,Taluka/Block office,Needs official LGD code,Active,Partially verified,2026-07-13,https://lgdirectory.gov.in/
Miraj,Sangli,Pune,Tehsildar,Block Development Officer,Taluka/Block office,Needs official LGD code,Active,Partially verified,2026-07-13,https://lgdirectory.gov.in/
Tasgaon,Sangli,Pune,Tehsildar,Block Development Officer,Taluka/Block office,Needs official LGD code,Active,Partially verified,2026-07-13,https://lgdirectory.gov.in/
Kavathe Mahankal,Sangli,Pune,Tehsildar,Block Development Officer,Taluka/Block office,Needs official LGD code,Active,Partially verified,2026-07-13,https://lgdirectory.gov.in/
Jat,Sangli,Pune,Tehsildar,Block Development Officer,Taluka/Block office,Needs official LGD code,Active,Partially verified,2026-07-13,https://lgdirectory.gov.in/
Khanapur,Sangli,Pune,Tehsildar,Block Development Officer,Taluka/Block office,Needs official LGD code,Active,Partially verified,2026-07-13,https://lgdirectory.gov.in/
Atpadi,Sangli,Pune,Tehsildar,Block Development Officer,Taluka/Block office,Needs official LGD code,Active,Partially verified,2026-07-13,https://lgdirectory.gov.in/
Palus,Sangli,Pune,Tehsildar,Block Development Officer,Taluka/Block office,Needs official LGD code,Active,Partially verified,2026-07-13,https://lgdirectory.gov.in/
Kadegaon,Sangli,Pune,Tehsildar,Block Development Officer,Taluka/Block office,Needs official LGD code,Active,Partially verified,2026-07-13,https://lgdirectory.gov.in/
Walwa,Sangli,Pune,Tehsildar,Block Development Officer,Taluka/Block office,Needs official LGD code,Active,Partially verified,2026-07-13,https://lgdirectory.gov.in/
Shirala,Sangli,Pune,Tehsildar,Block Development Officer,Taluka/Block office,Needs official LGD code,Active,Partially verified,2026-07-13,https://lgdirectory.gov.in/
North Solapur,Solapur,Pune,Tehsildar,Block Development Officer,Taluka/Block office,Needs official LGD code,Active,Partially verified,2026-07-13,https://lgdirectory.gov.in/
South Solapur,Solapur,Pune,Tehsildar,Block Development Officer,Taluka/Block office,Needs official LGD code,Active,Partially verified,2026-07-13,https://lgdirectory.gov.in/
Akkalkot,Solapur,Pune,Tehsildar,Block Development Officer,Taluka/Block office,Needs official LGD code,Active,Partially verified,2026-07-13,https://lgdirectory.gov.in/
Barshi,Solapur,Pune,Tehsildar,Block Development Officer,Taluka/Block office,Needs official LGD code,Active,Partially verified,2026-07-13,https://lgdirectory.gov.in/
Karmala,Solapur,Pune,Tehsildar,Block Development Officer,Taluka/Block office,Needs official LGD code,Active,Partially verified,2026-07-13,https://lgdirectory.gov.in/
Madha,Solapur,Pune,Tehsildar,Block Development Officer,Taluka/Block office,Needs official LGD code,Active,Partially verified,2026-07-13,https://lgdirectory.gov.in/
Malshiras,Solapur,Pune,Tehsildar,Block Development Officer,Taluka/Block office,Needs official LGD code,Active,Partially verified,2026-07-13,https://lgdirectory.gov.in/
Mangalvedhe,Solapur,Pune,Tehsildar,Block Development Officer,Taluka/Block office,Needs official LGD code,Active,Partially verified,2026-07-13,https://lgdirectory.gov.in/
Mohol,Solapur,Pune,Tehsildar,Block Development Officer,Taluka/Block office,Needs official LGD code,Active,Partially verified,2026-07-13,https://lgdirectory.gov.in/
Pandharpur,Solapur,Pune,Tehsildar,Block Development Officer,Taluka/Block office,Needs official LGD code,Active,Partially verified,2026-07-13,https://lgdirectory.gov.in/
Sangole,Solapur,Pune,Tehsildar,Block Development Officer,Taluka/Block office,Needs official LGD code,Active,Partially verified,2026-07-13,https://lgdirectory.gov.in/
Karvir,Kolhapur,Pune,Tehsildar,Block Development Officer,Taluka/Block office,Needs official LGD code,Active,Partially verified,2026-07-13,https://lgdirectory.gov.in/
Panhala,Kolhapur,Pune,Tehsildar,Block Development Officer,Taluka/Block office,Needs official LGD code,Active,Partially verified,2026-07-13,https://lgdirectory.gov.in/
Hatkanangale,Kolhapur,Pune,Tehsildar,Block Development Officer,Taluka/Block office,Needs official LGD code,Active,Partially verified,2026-07-13,https://lgdirectory.gov.in/
Shirol,Kolhapur,Pune,Tehsildar,Block Development Officer,Taluka/Block office,Needs official LGD code,Active,Partially verified,2026-07-13,https://lgdirectory.gov.in/
Kagal,Kolhapur,Pune,Tehsildar,Block Development Officer,Taluka/Block office,Needs official LGD code,Active,Partially verified,2026-07-13,https://lgdirectory.gov.in/
Gadhinglaj,Kolhapur,Pune,Tehsildar,Block Development Officer,Taluka/Block office,Needs official LGD code,Active,Partially verified,2026-07-13,https://lgdirectory.gov.in/
Chandgad,Kolhapur,Pune,Tehsildar,Block Development Officer,Taluka/Block office,Needs official LGD code,Active,Partially verified,2026-07-13,https://lgdirectory.gov.in/
Ajra,Kolhapur,Pune,Tehsildar,Block Development Officer,Taluka/Block office,Needs official LGD code,Active,Partially verified,2026-07-13,https://lgdirectory.gov.in/
Bhudargad,Kolhapur,Pune,Tehsildar,Block Development Officer,Taluka/Block office,Needs official LGD code,Active,Partially verified,2026-07-13,https://lgdirectory.gov.in/
Radhanagari,Kolhapur,Pune,Tehsildar,Block Development Officer,Taluka/Block office,Needs official LGD code,Active,Partially verified,2026-07-13,https://lgdirectory.gov.in/
Gaganbawada,Kolhapur,Pune,Tehsildar,Block Development Officer,Taluka/Block office,Needs official LGD code,Active,Partially verified,2026-07-13,https://lgdirectory.gov.in/
Shahuwadi,Kolhapur,Pune,Tehsildar,Block Development Officer,Taluka/Block office,Needs official LGD code,Active,Partially verified,2026-07-13,https://lgdirectory.gov.in/
Nashik,Nashik,Nashik,Tehsildar,Block Development Officer,Taluka/Block office,Needs official LGD code,Active,Partially verified,2026-07-13,https://lgdirectory.gov.in/
Igatpuri,Nashik,Nashik,Tehsildar,Block Development Officer,Taluka/Block office,Needs official LGD code,Active,Partially verified,2026-07-13,https://lgdirectory.gov.in/
Dindori,Nashik,Nashik,Tehsildar,Block Development Officer,Taluka/Block office,Needs official LGD code,Active,Partially verified,2026-07-13,https://lgdirectory.gov.in/
Peth,Nashik,Nashik,Tehsildar,Block Development Officer,Taluka/Block office,Needs official LGD code,Active,Partially verified,2026-07-13,https://lgdirectory.gov.in/
Trimbakeshwar,Nashik,Nashik,Tehsildar,Block Development Officer,Taluka/Block office,Needs official LGD code,Active,Partially verified,2026-07-13,https://lgdirectory.gov.in/
Kalwan,Nashik,Nashik,Tehsildar,Block Development Officer,Taluka/Block office,Needs official LGD code,Active,Partially verified,2026-07-13,https://lgdirectory.gov.in/
Surgana,Nashik,Nashik,Tehsildar,Block Development Officer,Taluka/Block office,Needs official LGD code,Active,Partially verified,2026-07-13,https://lgdirectory.gov.in/
Baglan,Nashik,Nashik,Tehsildar,Block Development Officer,Taluka/Block office,Needs official LGD code,Active,Partially verified,2026-07-13,https://lgdirectory.gov.in/
Malegaon,Nashik,Nashik,Tehsildar,Block Development Officer,Taluka/Block office,Needs official LGD code,Active,Partially verified,2026-07-13,https://lgdirectory.gov.in/
Nandgaon,Nashik,Nashik,Tehsildar,Block Development Officer,Taluka/Block office,Needs official LGD code,Active,Partially verified,2026-07-13,https://lgdirectory.gov.in/
Chandwad,Nashik,Nashik,Tehsildar,Block Development Officer,Taluka/Block office,Needs official LGD code,Active,Partially verified,2026-07-13,https://lgdirectory.gov.in/
Deola,Nashik,Nashik,Tehsildar,Block Development Officer,Taluka/Block office,Needs official LGD code,Active,Partially verified,2026-07-13,https://lgdirectory.gov.in/
Niphad,Nashik,Nashik,Tehsildar,Block Development Officer,Taluka/Block office,Needs official LGD code,Active,Partially verified,2026-07-13,https://lgdirectory.gov.in/
Sinnar,Nashik,Nashik,Tehsildar,Block Development Officer,Taluka/Block office,Needs official LGD code,Active,Partially verified,2026-07-13,https://lgdirectory.gov.in/
Yeola,Nashik,Nashik,Tehsildar,Block Development Officer,Taluka/Block office,Needs official LGD code,Active,Partially verified,2026-07-13,https://lgdirectory.gov.in/
Dhule,Dhule,Nashik,Tehsildar,Block Development Officer,Taluka/Block office,Needs official LGD code,Active,Partially verified,2026-07-13,https://lgdirectory.gov.in/
Sakri,Dhule,Nashik,Tehsildar,Block Development Officer,Taluka/Block office,Needs official LGD code,Active,Partially verified,2026-07-13,https://lgdirectory.gov.in/
Shirpur,Dhule,Nashik,Tehsildar,Block Development Officer,Taluka/Block office,Needs official LGD code,Active,Partially verified,2026-07-13,https://lgdirectory.gov.in/
Sindkheda,Dhule,Nashik,Tehsildar,Block Development Officer,Taluka/Block office,Needs official LGD code,Active,Partially verified,2026-07-13,https://lgdirectory.gov.in/
Nandurbar,Nandurbar,Nashik,Tehsildar,Block Development Officer,Taluka/Block office,Needs official LGD code,Active,Partially verified,2026-07-13,https://lgdirectory.gov.in/
Shahada,Nandurbar,Nashik,Tehsildar,Block Development Officer,Taluka/Block office,Needs official LGD code,Active,Partially verified,2026-07-13,https://lgdirectory.gov.in/
Taloda,Nandurbar,Nashik,Tehsildar,Block Development Officer,Taluka/Block office,Needs official LGD code,Active,Partially verified,2026-07-13,https://lgdirectory.gov.in/
Akkalkuwa,Nandurbar,Nashik,Tehsildar,Block Development Officer,Taluka/Block office,Needs official LGD code,Active,Partially verified,2026-07-13,https://lgdirectory.gov.in/
Akrani,Nandurbar,Nashik,Tehsildar,Block Development Officer,Taluka/Block office,Needs official LGD code,Active,Partially verified,2026-07-13,https://lgdirectory.gov.in/
Navapur,Nandurbar,Nashik,Tehsildar,Block Development Officer,Taluka/Block office,Needs official LGD code,Active,Partially verified,2026-07-13,https://lgdirectory.gov.in/
Jalgaon,Jalgaon,Nashik,Tehsildar,Block Development Officer,Taluka/Block office,Needs official LGD code,Active,Partially verified,2026-07-13,https://lgdirectory.gov.in/
Bhusawal,Jalgaon,Nashik,Tehsildar,Block Development Officer,Taluka/Block office,Needs official LGD code,Active,Partially verified,2026-07-13,https://lgdirectory.gov.in/
Yawal,Jalgaon,Nashik,Tehsildar,Block Development Officer,Taluka/Block office,Needs official LGD code,Active,Partially verified,2026-07-13,https://lgdirectory.gov.in/
Raver,Jalgaon,Nashik,Tehsildar,Block Development Officer,Taluka/Block office,Needs official LGD code,Active,Partially verified,2026-07-13,https://lgdirectory.gov.in/
Muktainagar,Jalgaon,Nashik,Tehsildar,Block Development Officer,Taluka/Block office,Needs official LGD code,Active,Partially verified,2026-07-13,https://lgdirectory.gov.in/
Bodwad,Jalgaon,Nashik,Tehsildar,Block Development Officer,Taluka/Block office,Needs official LGD code,Active,Partially verified,2026-07-13,https://lgdirectory.gov.in/
Jamner,Jalgaon,Nashik,Tehsildar,Block Development Officer,Taluka/Block office,Needs official LGD code,Active,Partially verified,2026-07-13,https://lgdirectory.gov.in/
Pachora,Jalgaon,Nashik,Tehsildar,Block Development Officer,Taluka/Block office,Needs official LGD code,Active,Partially verified,2026-07-13,https://lgdirectory.gov.in/
Bhadgaon,Jalgaon,Nashik,Tehsildar,Block Development Officer,Taluka/Block office,Needs official LGD code,Active,Partially verified,2026-07-13,https://lgdirectory.gov.in/
Chalisgaon,Jalgaon,Nashik,Tehsildar,Block Development Officer,Taluka/Block office,Needs official LGD code,Active,Partially verified,2026-07-13,https://lgdirectory.gov.in/
Erandol,Jalgaon,Nashik,Tehsildar,Block Development Officer,Taluka/Block office,Needs official LGD code,Active,Partially verified,2026-07-13,https://lgdirectory.gov.in/
Dharangaon,Jalgaon,Nashik,Tehsildar,Block Development Officer,Taluka/Block office,Needs official LGD code,Active,Partially verified,2026-07-13,https://lgdirectory.gov.in/
Amalner,Jalgaon,Nashik,Tehsildar,Block Development Officer,Taluka/Block office,Needs official LGD code,Active,Partially verified,2026-07-13,https://lgdirectory.gov.in/
Parola,Jalgaon,Nashik,Tehsildar,Block Development Officer,Taluka/Block office,Needs official LGD code,Active,Partially verified,2026-07-13,https://lgdirectory.gov.in/
Chopda,Jalgaon,Nashik,Tehsildar,Block Development Officer,Taluka/Block office,Needs official LGD code,Active,Partially verified,2026-07-13,https://lgdirectory.gov.in/
Nagar,Ahilyanagar,Nashik,Tehsildar,Block Development Officer,Taluka/Block office,Needs official LGD code,Active,Partially verified,2026-07-13,https://lgdirectory.gov.in/
Sangamner,Ahilyanagar,Nashik,Tehsildar,Block Development Officer,Taluka/Block office,Needs official LGD code,Active,Partially verified,2026-07-13,https://lgdirectory.gov.in/
Akole,Ahilyanagar,Nashik,Tehsildar,Block Development Officer,Taluka/Block office,Needs official LGD code,Active,Partially verified,2026-07-13,https://lgdirectory.gov.in/
Kopargaon,Ahilyanagar,Nashik,Tehsildar,Block Development Officer,Taluka/Block office,Needs official LGD code,Active,Partially verified,2026-07-13,https://lgdirectory.gov.in/
Rahata,Ahilyanagar,Nashik,Tehsildar,Block Development Officer,Taluka/Block office,Needs official LGD code,Active,Partially verified,2026-07-13,https://lgdirectory.gov.in/
Shrirampur,Ahilyanagar,Nashik,Tehsildar,Block Development Officer,Taluka/Block office,Needs official LGD code,Active,Partially verified,2026-07-13,https://lgdirectory.gov.in/
Nevasa,Ahilyanagar,Nashik,Tehsildar,Block Development Officer,Taluka/Block office,Needs official LGD code,Active,Partially verified,2026-07-13,https://lgdirectory.gov.in/
Shevgaon,Ahilyanagar,Nashik,Tehsildar,Block Development Officer,Taluka/Block office,Needs official LGD code,Active,Partially verified,2026-07-13,https://lgdirectory.gov.in/
Pathardi,Ahilyanagar,Nashik,Tehsildar,Block Development Officer,Taluka/Block office,Needs official LGD code,Active,Partially verified,2026-07-13,https://lgdirectory.gov.in/
Parner,Ahilyanagar,Nashik,Tehsildar,Block Development Officer,Taluka/Block office,Needs official LGD code,Active,Partially verified,2026-07-13,https://lgdirectory.gov.in/
Rahuri,Ahilyanagar,Nashik,Tehsildar,Block Development Officer,Taluka/Block office,Needs official LGD code,Active,Partially verified,2026-07-13,https://lgdirectory.gov.in/
Karjat,Ahilyanagar,Nashik,Tehsildar,Block Development Officer,Taluka/Block office,Needs official LGD code,Active,Partially verified,2026-07-13,https://lgdirectory.gov.in/
Jamkhed,Ahilyanagar,Nashik,Tehsildar,Block Development Officer,Taluka/Block office,Needs official LGD code,Active,Partially verified,2026-07-13,https://lgdirectory.gov.in/
Shrigonda,Ahilyanagar,Nashik,Tehsildar,Block Development Officer,Taluka/Block office,Needs official LGD code,Active,Partially verified,2026-07-13,https://lgdirectory.gov.in/
Chhatrapati Sambhajinagar,Chhatrapati Sambhajinagar,Chhatrapati Sambhajinagar,Tehsildar,Block Development Officer,Taluka/Block office,Needs official LGD code,Active,Partially verified,2026-07-13,https://lgdirectory.gov.in/
Kannad,Chhatrapati Sambhajinagar,Chhatrapati Sambhajinagar,Tehsildar,Block Development Officer,Taluka/Block office,Needs official LGD code,Active,Partially verified,2026-07-13,https://lgdirectory.gov.in/
Soegaon,Chhatrapati Sambhajinagar,Chhatrapati Sambhajinagar,Tehsildar,Block Development Officer,Taluka/Block office,Needs official LGD code,Active,Partially verified,2026-07-13,https://lgdirectory.gov.in/
Sillod,Chhatrapati Sambhajinagar,Chhatrapati Sambhajinagar,Tehsildar,Block Development Officer,Taluka/Block office,Needs official LGD code,Active,Partially verified,2026-07-13,https://lgdirectory.gov.in/
Phulambri,Chhatrapati Sambhajinagar,Chhatrapati Sambhajinagar,Tehsildar,Block Development Officer,Taluka/Block office,Needs official LGD code,Active,Partially verified,2026-07-13,https://lgdirectory.gov.in/
Khuldabad,Chhatrapati Sambhajinagar,Chhatrapati Sambhajinagar,Tehsildar,Block Development Officer,Taluka/Block office,Needs official LGD code,Active,Partially verified,2026-07-13,https://lgdirectory.gov.in/
Vaijapur,Chhatrapati Sambhajinagar,Chhatrapati Sambhajinagar,Tehsildar,Block Development Officer,Taluka/Block office,Needs official LGD code,Active,Partially verified,2026-07-13,https://lgdirectory.gov.in/
Gangapur,Chhatrapati Sambhajinagar,Chhatrapati Sambhajinagar,Tehsildar,Block Development Officer,Taluka/Block office,Needs official LGD code,Active,Partially verified,2026-07-13,https://lgdirectory.gov.in/
Paithan,Chhatrapati Sambhajinagar,Chhatrapati Sambhajinagar,Tehsildar,Block Development Officer,Taluka/Block office,Needs official LGD code,Active,Partially verified,2026-07-13,https://lgdirectory.gov.in/
Jalna,Jalna,Chhatrapati Sambhajinagar,Tehsildar,Block Development Officer,Taluka/Block office,Needs official LGD code,Active,Partially verified,2026-07-13,https://lgdirectory.gov.in/
Bhokardan,Jalna,Chhatrapati Sambhajinagar,Tehsildar,Block Development Officer,Taluka/Block office,Needs official LGD code,Active,Partially verified,2026-07-13,https://lgdirectory.gov.in/
Jafrabad,Jalna,Chhatrapati Sambhajinagar,Tehsildar,Block Development Officer,Taluka/Block office,Needs official LGD code,Active,Partially verified,2026-07-13,https://lgdirectory.gov.in/
Badnapur,Jalna,Chhatrapati Sambhajinagar,Tehsildar,Block Development Officer,Taluka/Block office,Needs official LGD code,Active,Partially verified,2026-07-13,https://lgdirectory.gov.in/
Ambad,Jalna,Chhatrapati Sambhajinagar,Tehsildar,Block Development Officer,Taluka/Block office,Needs official LGD code,Active,Partially verified,2026-07-13,https://lgdirectory.gov.in/
Ghansawangi,Jalna,Chhatrapati Sambhajinagar,Tehsildar,Block Development Officer,Taluka/Block office,Needs official LGD code,Active,Partially verified,2026-07-13,https://lgdirectory.gov.in/
Partur,Jalna,Chhatrapati Sambhajinagar,Tehsildar,Block Development Officer,Taluka/Block office,Needs official LGD code,Active,Partially verified,2026-07-13,https://lgdirectory.gov.in/
Mantha,Jalna,Chhatrapati Sambhajinagar,Tehsildar,Block Development Officer,Taluka/Block office,Needs official LGD code,Active,Partially verified,2026-07-13,https://lgdirectory.gov.in/
Beed,Beed,Chhatrapati Sambhajinagar,Tehsildar,Block Development Officer,Taluka/Block office,Needs official LGD code,Active,Partially verified,2026-07-13,https://lgdirectory.gov.in/
Ashti,Beed,Chhatrapati Sambhajinagar,Tehsildar,Block Development Officer,Taluka/Block office,Needs official LGD code,Active,Partially verified,2026-07-13,https://lgdirectory.gov.in/
Patoda,Beed,Chhatrapati Sambhajinagar,Tehsildar,Block Development Officer,Taluka/Block office,Needs official LGD code,Active,Partially verified,2026-07-13,https://lgdirectory.gov.in/
Shirur Kasar,Beed,Chhatrapati Sambhajinagar,Tehsildar,Block Development Officer,Taluka/Block office,Needs official LGD code,Active,Partially verified,2026-07-13,https://lgdirectory.gov.in/
Georai,Beed,Chhatrapati Sambhajinagar,Tehsildar,Block Development Officer,Taluka/Block office,Needs official LGD code,Active,Partially verified,2026-07-13,https://lgdirectory.gov.in/
Majalgaon,Beed,Chhatrapati Sambhajinagar,Tehsildar,Block Development Officer,Taluka/Block office,Needs official LGD code,Active,Partially verified,2026-07-13,https://lgdirectory.gov.in/
Wadwani,Beed,Chhatrapati Sambhajinagar,Tehsildar,Block Development Officer,Taluka/Block office,Needs official LGD code,Active,Partially verified,2026-07-13,https://lgdirectory.gov.in/
Kaij,Beed,Chhatrapati Sambhajinagar,Tehsildar,Block Development Officer,Taluka/Block office,Needs official LGD code,Active,Partially verified,2026-07-13,https://lgdirectory.gov.in/
Dharur,Beed,Chhatrapati Sambhajinagar,Tehsildar,Block Development Officer,Taluka/Block office,Needs official LGD code,Active,Partially verified,2026-07-13,https://lgdirectory.gov.in/
Parli,Beed,Chhatrapati Sambhajinagar,Tehsildar,Block Development Officer,Taluka/Block office,Needs official LGD code,Active,Partially verified,2026-07-13,https://lgdirectory.gov.in/
Ambejogai,Beed,Chhatrapati Sambhajinagar,Tehsildar,Block Development Officer,Taluka/Block office,Needs official LGD code,Active,Partially verified,2026-07-13,https://lgdirectory.gov.in/
Dharashiv,Dharashiv,Chhatrapati Sambhajinagar,Tehsildar,Block Development Officer,Taluka/Block office,Needs official LGD code,Active,Partially verified,2026-07-13,https://lgdirectory.gov.in/
Tuljapur,Dharashiv,Chhatrapati Sambhajinagar,Tehsildar,Block Development Officer,Taluka/Block office,Needs official LGD code,Active,Partially verified,2026-07-13,https://lgdirectory.gov.in/
Umarga,Dharashiv,Chhatrapati Sambhajinagar,Tehsildar,Block Development Officer,Taluka/Block office,Needs official LGD code,Active,Partially verified,2026-07-13,https://lgdirectory.gov.in/
Lohara,Dharashiv,Chhatrapati Sambhajinagar,Tehsildar,Block Development Officer,Taluka/Block office,Needs official LGD code,Active,Partially verified,2026-07-13,https://lgdirectory.gov.in/
Kalamb,Dharashiv,Chhatrapati Sambhajinagar,Tehsildar,Block Development Officer,Taluka/Block office,Needs official LGD code,Active,Partially verified,2026-07-13,https://lgdirectory.gov.in/
Bhoom,Dharashiv,Chhatrapati Sambhajinagar,Tehsildar,Block Development Officer,Taluka/Block office,Needs official LGD code,Active,Partially verified,2026-07-13,https://lgdirectory.gov.in/
Paranda,Dharashiv,Chhatrapati Sambhajinagar,Tehsildar,Block Development Officer,Taluka/Block office,Needs official LGD code,Active,Partially verified,2026-07-13,https://lgdirectory.gov.in/
Washi,Dharashiv,Chhatrapati Sambhajinagar,Tehsildar,Block Development Officer,Taluka/Block office,Needs official LGD code,Active,Partially verified,2026-07-13,https://lgdirectory.gov.in/
Latur,Latur,Chhatrapati Sambhajinagar,Tehsildar,Block Development Officer,Taluka/Block office,Needs official LGD code,Active,Partially verified,2026-07-13,https://lgdirectory.gov.in/
Renapur,Latur,Chhatrapati Sambhajinagar,Tehsildar,Block Development Officer,Taluka/Block office,Needs official LGD code,Active,Partially verified,2026-07-13,https://lgdirectory.gov.in/
Ahmedpur,Latur,Chhatrapati Sambhajinagar,Tehsildar,Block Development Officer,Taluka/Block office,Needs official LGD code,Active,Partially verified,2026-07-13,https://lgdirectory.gov.in/
Jalkot,Latur,Chhatrapati Sambhajinagar,Tehsildar,Block Development Officer,Taluka/Block office,Needs official LGD code,Active,Partially verified,2026-07-13,https://lgdirectory.gov.in/
Chakur,Latur,Chhatrapati Sambhajinagar,Tehsildar,Block Development Officer,Taluka/Block office,Needs official LGD code,Active,Partially verified,2026-07-13,https://lgdirectory.gov.in/
Shirur Anantpal,Latur,Chhatrapati Sambhajinagar,Tehsildar,Block Development Officer,Taluka/Block office,Needs official LGD code,Active,Partially verified,2026-07-13,https://lgdirectory.gov.in/
Ausa,Latur,Chhatrapati Sambhajinagar,Tehsildar,Block Development Officer,Taluka/Block office,Needs official LGD code,Active,Partially verified,2026-07-13,https://lgdirectory.gov.in/
Nilanga,Latur,Chhatrapati Sambhajinagar,Tehsildar,Block Development Officer,Taluka/Block office,Needs official LGD code,Active,Partially verified,2026-07-13,https://lgdirectory.gov.in/
Deoni,Latur,Chhatrapati Sambhajinagar,Tehsildar,Block Development Officer,Taluka/Block office,Needs official LGD code,Active,Partially verified,2026-07-13,https://lgdirectory.gov.in/
Udgir,Latur,Chhatrapati Sambhajinagar,Tehsildar,Block Development Officer,Taluka/Block office,Needs official LGD code,Active,Partially verified,2026-07-13,https://lgdirectory.gov.in/
Nanded,Nanded,Chhatrapati Sambhajinagar,Tehsildar,Block Development Officer,Taluka/Block office,Needs official LGD code,Active,Partially verified,2026-07-13,https://lgdirectory.gov.in/
Ardhapur,Nanded,Chhatrapati Sambhajinagar,Tehsildar,Block Development Officer,Taluka/Block office,Needs official LGD code,Active,Partially verified,2026-07-13,https://lgdirectory.gov.in/
Mudkhed,Nanded,Chhatrapati Sambhajinagar,Tehsildar,Block Development Officer,Taluka/Block office,Needs official LGD code,Active,Partially verified,2026-07-13,https://lgdirectory.gov.in/
Bhokar,Nanded,Chhatrapati Sambhajinagar,Tehsildar,Block Development Officer,Taluka/Block office,Needs official LGD code,Active,Partially verified,2026-07-13,https://lgdirectory.gov.in/
Umri,Nanded,Chhatrapati Sambhajinagar,Tehsildar,Block Development Officer,Taluka/Block office,Needs official LGD code,Active,Partially verified,2026-07-13,https://lgdirectory.gov.in/
Dharmabad,Nanded,Chhatrapati Sambhajinagar,Tehsildar,Block Development Officer,Taluka/Block office,Needs official LGD code,Active,Partially verified,2026-07-13,https://lgdirectory.gov.in/
Biloli,Nanded,Chhatrapati Sambhajinagar,Tehsildar,Block Development Officer,Taluka/Block office,Needs official LGD code,Active,Partially verified,2026-07-13,https://lgdirectory.gov.in/
Naigaon,Nanded,Chhatrapati Sambhajinagar,Tehsildar,Block Development Officer,Taluka/Block office,Needs official LGD code,Active,Partially verified,2026-07-13,https://lgdirectory.gov.in/
Loha,Nanded,Chhatrapati Sambhajinagar,Tehsildar,Block Development Officer,Taluka/Block office,Needs official LGD code,Active,Partially verified,2026-07-13,https://lgdirectory.gov.in/
Kandhar,Nanded,Chhatrapati Sambhajinagar,Tehsildar,Block Development Officer,Taluka/Block office,Needs official LGD code,Active,Partially verified,2026-07-13,https://lgdirectory.gov.in/
Mukhed,Nanded,Chhatrapati Sambhajinagar,Tehsildar,Block Development Officer,Taluka/Block office,Needs official LGD code,Active,Partially verified,2026-07-13,https://lgdirectory.gov.in/
Deglur,Nanded,Chhatrapati Sambhajinagar,Tehsildar,Block Development Officer,Taluka/Block office,Needs official LGD code,Active,Partially verified,2026-07-13,https://lgdirectory.gov.in/
Hadgaon,Nanded,Chhatrapati Sambhajinagar,Tehsildar,Block Development Officer,Taluka/Block office,Needs official LGD code,Active,Partially verified,2026-07-13,https://lgdirectory.gov.in/
Himayatnagar,Nanded,Chhatrapati Sambhajinagar,Tehsildar,Block Development Officer,Taluka/Block office,Needs official LGD code,Active,Partially verified,2026-07-13,https://lgdirectory.gov.in/
Kinwat,Nanded,Chhatrapati Sambhajinagar,Tehsildar,Block Development Officer,Taluka/Block office,Needs official LGD code,Active,Partially verified,2026-07-13,https://lgdirectory.gov.in/
Mahur,Nanded,Chhatrapati Sambhajinagar,Tehsildar,Block Development Officer,Taluka/Block office,Needs official LGD code,Active,Partially verified,2026-07-13,https://lgdirectory.gov.in/
Parbhani,Parbhani,Chhatrapati Sambhajinagar,Tehsildar,Block Development Officer,Taluka/Block office,Needs official LGD code,Active,Partially verified,2026-07-13,https://lgdirectory.gov.in/
Jintur,Parbhani,Chhatrapati Sambhajinagar,Tehsildar,Block Development Officer,Taluka/Block office,Needs official LGD code,Active,Partially verified,2026-07-13,https://lgdirectory.gov.in/
Selu,Parbhani,Chhatrapati Sambhajinagar,Tehsildar,Block Development Officer,Taluka/Block office,Needs official LGD code,Active,Partially verified,2026-07-13,https://lgdirectory.gov.in/
Pathri,Parbhani,Chhatrapati Sambhajinagar,Tehsildar,Block Development Officer,Taluka/Block office,Needs official LGD code,Active,Partially verified,2026-07-13,https://lgdirectory.gov.in/
Manwath,Parbhani,Chhatrapati Sambhajinagar,Tehsildar,Block Development Officer,Taluka/Block office,Needs official LGD code,Active,Partially verified,2026-07-13,https://lgdirectory.gov.in/
Sonpeth,Parbhani,Chhatrapati Sambhajinagar,Tehsildar,Block Development Officer,Taluka/Block office,Needs official LGD code,Active,Partially verified,2026-07-13,https://lgdirectory.gov.in/
Gangakhed,Parbhani,Chhatrapati Sambhajinagar,Tehsildar,Block Development Officer,Taluka/Block office,Needs official LGD code,Active,Partially verified,2026-07-13,https://lgdirectory.gov.in/
Palam,Parbhani,Chhatrapati Sambhajinagar,Tehsildar,Block Development Officer,Taluka/Block office,Needs official LGD code,Active,Partially verified,2026-07-13,https://lgdirectory.gov.in/
Purna,Parbhani,Chhatrapati Sambhajinagar,Tehsildar,Block Development Officer,Taluka/Block office,Needs official LGD code,Active,Partially verified,2026-07-13,https://lgdirectory.gov.in/
Hingoli,Hingoli,Chhatrapati Sambhajinagar,Tehsildar,Block Development Officer,Taluka/Block office,Needs official LGD code,Active,Partially verified,2026-07-13,https://lgdirectory.gov.in/
Sengaon,Hingoli,Chhatrapati Sambhajinagar,Tehsildar,Block Development Officer,Taluka/Block office,Needs official LGD code,Active,Partially verified,2026-07-13,https://lgdirectory.gov.in/
Kalamnuri,Hingoli,Chhatrapati Sambhajinagar,Tehsildar,Block Development Officer,Taluka/Block office,Needs official LGD code,Active,Partially verified,2026-07-13,https://lgdirectory.gov.in/
Basmath,Hingoli,Chhatrapati Sambhajinagar,Tehsildar,Block Development Officer,Taluka/Block office,Needs official LGD code,Active,Partially verified,2026-07-13,https://lgdirectory.gov.in/
Aundha Nagnath,Hingoli,Chhatrapati Sambhajinagar,Tehsildar,Block Development Officer,Taluka/Block office,Needs official LGD code,Active,Partially verified,2026-07-13,https://lgdirectory.gov.in/
Amravati,Amravati,Amravati,Tehsildar,Block Development Officer,Taluka/Block office,Needs official LGD code,Active,Partially verified,2026-07-13,https://lgdirectory.gov.in/
Bhatkuli,Amravati,Amravati,Tehsildar,Block Development Officer,Taluka/Block office,Needs official LGD code,Active,Partially verified,2026-07-13,https://lgdirectory.gov.in/
Nandgaon Khandeshwar,Amravati,Amravati,Tehsildar,Block Development Officer,Taluka/Block office,Needs official LGD code,Active,Partially verified,2026-07-13,https://lgdirectory.gov.in/
Daryapur,Amravati,Amravati,Tehsildar,Block Development Officer,Taluka/Block office,Needs official LGD code,Active,Partially verified,2026-07-13,https://lgdirectory.gov.in/
Anjangaon Surji,Amravati,Amravati,Tehsildar,Block Development Officer,Taluka/Block office,Needs official LGD code,Active,Partially verified,2026-07-13,https://lgdirectory.gov.in/
Achalpur,Amravati,Amravati,Tehsildar,Block Development Officer,Taluka/Block office,Needs official LGD code,Active,Partially verified,2026-07-13,https://lgdirectory.gov.in/
Chandur Bazar,Amravati,Amravati,Tehsildar,Block Development Officer,Taluka/Block office,Needs official LGD code,Active,Partially verified,2026-07-13,https://lgdirectory.gov.in/
Morshi,Amravati,Amravati,Tehsildar,Block Development Officer,Taluka/Block office,Needs official LGD code,Active,Partially verified,2026-07-13,https://lgdirectory.gov.in/
Warud,Amravati,Amravati,Tehsildar,Block Development Officer,Taluka/Block office,Needs official LGD code,Active,Partially verified,2026-07-13,https://lgdirectory.gov.in/
Chandur Railway,Amravati,Amravati,Tehsildar,Block Development Officer,Taluka/Block office,Needs official LGD code,Active,Partially verified,2026-07-13,https://lgdirectory.gov.in/
Dhamangaon Railway,Amravati,Amravati,Tehsildar,Block Development Officer,Taluka/Block office,Needs official LGD code,Active,Partially verified,2026-07-13,https://lgdirectory.gov.in/
Teosa,Amravati,Amravati,Tehsildar,Block Development Officer,Taluka/Block office,Needs official LGD code,Active,Partially verified,2026-07-13,https://lgdirectory.gov.in/
Dharni,Amravati,Amravati,Tehsildar,Block Development Officer,Taluka/Block office,Needs official LGD code,Active,Partially verified,2026-07-13,https://lgdirectory.gov.in/
Chikhaldara,Amravati,Amravati,Tehsildar,Block Development Officer,Taluka/Block office,Needs official LGD code,Active,Partially verified,2026-07-13,https://lgdirectory.gov.in/
Akola,Akola,Amravati,Tehsildar,Block Development Officer,Taluka/Block office,Needs official LGD code,Active,Partially verified,2026-07-13,https://lgdirectory.gov.in/
Akot,Akola,Amravati,Tehsildar,Block Development Officer,Taluka/Block office,Needs official LGD code,Active,Partially verified,2026-07-13,https://lgdirectory.gov.in/
Telhara,Akola,Amravati,Tehsildar,Block Development Officer,Taluka/Block office,Needs official LGD code,Active,Partially verified,2026-07-13,https://lgdirectory.gov.in/
Balapur,Akola,Amravati,Tehsildar,Block Development Officer,Taluka/Block office,Needs official LGD code,Active,Partially verified,2026-07-13,https://lgdirectory.gov.in/
Patur,Akola,Amravati,Tehsildar,Block Development Officer,Taluka/Block office,Needs official LGD code,Active,Partially verified,2026-07-13,https://lgdirectory.gov.in/
Murtizapur,Akola,Amravati,Tehsildar,Block Development Officer,Taluka/Block office,Needs official LGD code,Active,Partially verified,2026-07-13,https://lgdirectory.gov.in/
Barshitakli,Akola,Amravati,Tehsildar,Block Development Officer,Taluka/Block office,Needs official LGD code,Active,Partially verified,2026-07-13,https://lgdirectory.gov.in/
Washim,Washim,Amravati,Tehsildar,Block Development Officer,Taluka/Block office,Needs official LGD code,Active,Partially verified,2026-07-13,https://lgdirectory.gov.in/
Malegaon,Washim,Amravati,Tehsildar,Block Development Officer,Taluka/Block office,Needs official LGD code,Active,Partially verified,2026-07-13,https://lgdirectory.gov.in/
Risod,Washim,Amravati,Tehsildar,Block Development Officer,Taluka/Block office,Needs official LGD code,Active,Partially verified,2026-07-13,https://lgdirectory.gov.in/
Mangrulpir,Washim,Amravati,Tehsildar,Block Development Officer,Taluka/Block office,Needs official LGD code,Active,Partially verified,2026-07-13,https://lgdirectory.gov.in/
Karanja,Washim,Amravati,Tehsildar,Block Development Officer,Taluka/Block office,Needs official LGD code,Active,Partially verified,2026-07-13,https://lgdirectory.gov.in/
Manora,Washim,Amravati,Tehsildar,Block Development Officer,Taluka/Block office,Needs official LGD code,Active,Partially verified,2026-07-13,https://lgdirectory.gov.in/
Buldhana,Buldhana,Amravati,Tehsildar,Block Development Officer,Taluka/Block office,Needs official LGD code,Active,Partially verified,2026-07-13,https://lgdirectory.gov.in/
Chikhli,Buldhana,Amravati,Tehsildar,Block Development Officer,Taluka/Block office,Needs official LGD code,Active,Partially verified,2026-07-13,https://lgdirectory.gov.in/
Deulgaon Raja,Buldhana,Amravati,Tehsildar,Block Development Officer,Taluka/Block office,Needs official LGD code,Active,Partially verified,2026-07-13,https://lgdirectory.gov.in/
Sindkhed Raja,Buldhana,Amravati,Tehsildar,Block Development Officer,Taluka/Block office,Needs official LGD code,Active,Partially verified,2026-07-13,https://lgdirectory.gov.in/
Lonar,Buldhana,Amravati,Tehsildar,Block Development Officer,Taluka/Block office,Needs official LGD code,Active,Partially verified,2026-07-13,https://lgdirectory.gov.in/
Mehkar,Buldhana,Amravati,Tehsildar,Block Development Officer,Taluka/Block office,Needs official LGD code,Active,Partially verified,2026-07-13,https://lgdirectory.gov.in/
Khamgaon,Buldhana,Amravati,Tehsildar,Block Development Officer,Taluka/Block office,Needs official LGD code,Active,Partially verified,2026-07-13,https://lgdirectory.gov.in/
Shegaon,Buldhana,Amravati,Tehsildar,Block Development Officer,Taluka/Block office,Needs official LGD code,Active,Partially verified,2026-07-13,https://lgdirectory.gov.in/
Malkapur,Buldhana,Amravati,Tehsildar,Block Development Officer,Taluka/Block office,Needs official LGD code,Active,Partially verified,2026-07-13,https://lgdirectory.gov.in/
Motala,Buldhana,Amravati,Tehsildar,Block Development Officer,Taluka/Block office,Needs official LGD code,Active,Partially verified,2026-07-13,https://lgdirectory.gov.in/
Nandura,Buldhana,Amravati,Tehsildar,Block Development Officer,Taluka/Block office,Needs official LGD code,Active,Partially verified,2026-07-13,https://lgdirectory.gov.in/
Jalgaon Jamod,Buldhana,Amravati,Tehsildar,Block Development Officer,Taluka/Block office,Needs official LGD code,Active,Partially verified,2026-07-13,https://lgdirectory.gov.in/
Sangrampur,Buldhana,Amravati,Tehsildar,Block Development Officer,Taluka/Block office,Needs official LGD code,Active,Partially verified,2026-07-13,https://lgdirectory.gov.in/
Yavatmal,Yavatmal,Amravati,Tehsildar,Block Development Officer,Taluka/Block office,Needs official LGD code,Active,Partially verified,2026-07-13,https://lgdirectory.gov.in/
Babhulgaon,Yavatmal,Amravati,Tehsildar,Block Development Officer,Taluka/Block office,Needs official LGD code,Active,Partially verified,2026-07-13,https://lgdirectory.gov.in/
Kalamb,Yavatmal,Amravati,Tehsildar,Block Development Officer,Taluka/Block office,Needs official LGD code,Active,Partially verified,2026-07-13,https://lgdirectory.gov.in/
Darwha,Yavatmal,Amravati,Tehsildar,Block Development Officer,Taluka/Block office,Needs official LGD code,Active,Partially verified,2026-07-13,https://lgdirectory.gov.in/
Digras,Yavatmal,Amravati,Tehsildar,Block Development Officer,Taluka/Block office,Needs official LGD code,Active,Partially verified,2026-07-13,https://lgdirectory.gov.in/
Pusad,Yavatmal,Amravati,Tehsildar,Block Development Officer,Taluka/Block office,Needs official LGD code,Active,Partially verified,2026-07-13,https://lgdirectory.gov.in/
Umarkhed,Yavatmal,Amravati,Tehsildar,Block Development Officer,Taluka/Block office,Needs official LGD code,Active,Partially verified,2026-07-13,https://lgdirectory.gov.in/
Mahagaon,Yavatmal,Amravati,Tehsildar,Block Development Officer,Taluka/Block office,Needs official LGD code,Active,Partially verified,2026-07-13,https://lgdirectory.gov.in/
Arni,Yavatmal,Amravati,Tehsildar,Block Development Officer,Taluka/Block office,Needs official LGD code,Active,Partially verified,2026-07-13,https://lgdirectory.gov.in/
Ghatanji,Yavatmal,Amravati,Tehsildar,Block Development Officer,Taluka/Block office,Needs official LGD code,Active,Partially verified,2026-07-13,https://lgdirectory.gov.in/
Kelapur,Yavatmal,Amravati,Tehsildar,Block Development Officer,Taluka/Block office,Needs official LGD code,Active,Partially verified,2026-07-13,https://lgdirectory.gov.in/
Ralegaon,Yavatmal,Amravati,Tehsildar,Block Development Officer,Taluka/Block office,Needs official LGD code,Active,Partially verified,2026-07-13,https://lgdirectory.gov.in/
Maregaon,Yavatmal,Amravati,Tehsildar,Block Development Officer,Taluka/Block office,Needs official LGD code,Active,Partially verified,2026-07-13,https://lgdirectory.gov.in/
Wani,Yavatmal,Amravati,Tehsildar,Block Development Officer,Taluka/Block office,Needs official LGD code,Active,Partially verified,2026-07-13,https://lgdirectory.gov.in/
Zari Jamani,Yavatmal,Amravati,Tehsildar,Block Development Officer,Taluka/Block office,Needs official LGD code,Active,Partially verified,2026-07-13,https://lgdirectory.gov.in/
Ner,Yavatmal,Amravati,Tehsildar,Block Development Officer,Taluka/Block office,Needs official LGD code,Active,Partially verified,2026-07-13,https://lgdirectory.gov.in/
Nagpur Urban,Nagpur,Nagpur,Tehsildar,Block Development Officer,Taluka/Block office,Needs official LGD code,Active,Partially verified,2026-07-13,https://lgdirectory.gov.in/
Nagpur Rural,Nagpur,Nagpur,Tehsildar,Block Development Officer,Taluka/Block office,Needs official LGD code,Active,Partially verified,2026-07-13,https://lgdirectory.gov.in/
Kamptee,Nagpur,Nagpur,Tehsildar,Block Development Officer,Taluka/Block office,Needs official LGD code,Active,Partially verified,2026-07-13,https://lgdirectory.gov.in/
Hingna,Nagpur,Nagpur,Tehsildar,Block Development Officer,Taluka/Block office,Needs official LGD code,Active,Partially verified,2026-07-13,https://lgdirectory.gov.in/
Katol,Nagpur,Nagpur,Tehsildar,Block Development Officer,Taluka/Block office,Needs official LGD code,Active,Partially verified,2026-07-13,https://lgdirectory.gov.in/
Narkhed,Nagpur,Nagpur,Tehsildar,Block Development Officer,Taluka/Block office,Needs official LGD code,Active,Partially verified,2026-07-13,https://lgdirectory.gov.in/
Kalameshwar,Nagpur,Nagpur,Tehsildar,Block Development Officer,Taluka/Block office,Needs official LGD code,Active,Partially verified,2026-07-13,https://lgdirectory.gov.in/
Saoner,Nagpur,Nagpur,Tehsildar,Block Development Officer,Taluka/Block office,Needs official LGD code,Active,Partially verified,2026-07-13,https://lgdirectory.gov.in/
Parseoni,Nagpur,Nagpur,Tehsildar,Block Development Officer,Taluka/Block office,Needs official LGD code,Active,Partially verified,2026-07-13,https://lgdirectory.gov.in/
Ramtek,Nagpur,Nagpur,Tehsildar,Block Development Officer,Taluka/Block office,Needs official LGD code,Active,Partially verified,2026-07-13,https://lgdirectory.gov.in/
Mauda,Nagpur,Nagpur,Tehsildar,Block Development Officer,Taluka/Block office,Needs official LGD code,Active,Partially verified,2026-07-13,https://lgdirectory.gov.in/
Kuhi,Nagpur,Nagpur,Tehsildar,Block Development Officer,Taluka/Block office,Needs official LGD code,Active,Partially verified,2026-07-13,https://lgdirectory.gov.in/
Umred,Nagpur,Nagpur,Tehsildar,Block Development Officer,Taluka/Block office,Needs official LGD code,Active,Partially verified,2026-07-13,https://lgdirectory.gov.in/
Bhiwapur,Nagpur,Nagpur,Tehsildar,Block Development Officer,Taluka/Block office,Needs official LGD code,Active,Partially verified,2026-07-13,https://lgdirectory.gov.in/
Wardha,Wardha,Nagpur,Tehsildar,Block Development Officer,Taluka/Block office,Needs official LGD code,Active,Partially verified,2026-07-13,https://lgdirectory.gov.in/
Seloo,Wardha,Nagpur,Tehsildar,Block Development Officer,Taluka/Block office,Needs official LGD code,Active,Partially verified,2026-07-13,https://lgdirectory.gov.in/
Deoli,Wardha,Nagpur,Tehsildar,Block Development Officer,Taluka/Block office,Needs official LGD code,Active,Partially verified,2026-07-13,https://lgdirectory.gov.in/
Arvi,Wardha,Nagpur,Tehsildar,Block Development Officer,Taluka/Block office,Needs official LGD code,Active,Partially verified,2026-07-13,https://lgdirectory.gov.in/
Ashti,Wardha,Nagpur,Tehsildar,Block Development Officer,Taluka/Block office,Needs official LGD code,Active,Partially verified,2026-07-13,https://lgdirectory.gov.in/
Karanja,Wardha,Nagpur,Tehsildar,Block Development Officer,Taluka/Block office,Needs official LGD code,Active,Partially verified,2026-07-13,https://lgdirectory.gov.in/
Hinganghat,Wardha,Nagpur,Tehsildar,Block Development Officer,Taluka/Block office,Needs official LGD code,Active,Partially verified,2026-07-13,https://lgdirectory.gov.in/
Samudrapur,Wardha,Nagpur,Tehsildar,Block Development Officer,Taluka/Block office,Needs official LGD code,Active,Partially verified,2026-07-13,https://lgdirectory.gov.in/
Bhandara,Bhandara,Nagpur,Tehsildar,Block Development Officer,Taluka/Block office,Needs official LGD code,Active,Partially verified,2026-07-13,https://lgdirectory.gov.in/
Tumsar,Bhandara,Nagpur,Tehsildar,Block Development Officer,Taluka/Block office,Needs official LGD code,Active,Partially verified,2026-07-13,https://lgdirectory.gov.in/
Mohadi,Bhandara,Nagpur,Tehsildar,Block Development Officer,Taluka/Block office,Needs official LGD code,Active,Partially verified,2026-07-13,https://lgdirectory.gov.in/
Sakoli,Bhandara,Nagpur,Tehsildar,Block Development Officer,Taluka/Block office,Needs official LGD code,Active,Partially verified,2026-07-13,https://lgdirectory.gov.in/
Lakhani,Bhandara,Nagpur,Tehsildar,Block Development Officer,Taluka/Block office,Needs official LGD code,Active,Partially verified,2026-07-13,https://lgdirectory.gov.in/
Pauni,Bhandara,Nagpur,Tehsildar,Block Development Officer,Taluka/Block office,Needs official LGD code,Active,Partially verified,2026-07-13,https://lgdirectory.gov.in/
Lakhandur,Bhandara,Nagpur,Tehsildar,Block Development Officer,Taluka/Block office,Needs official LGD code,Active,Partially verified,2026-07-13,https://lgdirectory.gov.in/
Gondia,Gondia,Nagpur,Tehsildar,Block Development Officer,Taluka/Block office,Needs official LGD code,Active,Partially verified,2026-07-13,https://lgdirectory.gov.in/
Tirora,Gondia,Nagpur,Tehsildar,Block Development Officer,Taluka/Block office,Needs official LGD code,Active,Partially verified,2026-07-13,https://lgdirectory.gov.in/
Goregaon,Gondia,Nagpur,Tehsildar,Block Development Officer,Taluka/Block office,Needs official LGD code,Active,Partially verified,2026-07-13,https://lgdirectory.gov.in/
Arjuni Morgaon,Gondia,Nagpur,Tehsildar,Block Development Officer,Taluka/Block office,Needs official LGD code,Active,Partially verified,2026-07-13,https://lgdirectory.gov.in/
Deori,Gondia,Nagpur,Tehsildar,Block Development Officer,Taluka/Block office,Needs official LGD code,Active,Partially verified,2026-07-13,https://lgdirectory.gov.in/
Amgaon,Gondia,Nagpur,Tehsildar,Block Development Officer,Taluka/Block office,Needs official LGD code,Active,Partially verified,2026-07-13,https://lgdirectory.gov.in/
Salekasa,Gondia,Nagpur,Tehsildar,Block Development Officer,Taluka/Block office,Needs official LGD code,Active,Partially verified,2026-07-13,https://lgdirectory.gov.in/
Sadak Arjuni,Gondia,Nagpur,Tehsildar,Block Development Officer,Taluka/Block office,Needs official LGD code,Active,Partially verified,2026-07-13,https://lgdirectory.gov.in/
Chandrapur,Chandrapur,Nagpur,Tehsildar,Block Development Officer,Taluka/Block office,Needs official LGD code,Active,Partially verified,2026-07-13,https://lgdirectory.gov.in/
Ballarpur,Chandrapur,Nagpur,Tehsildar,Block Development Officer,Taluka/Block office,Needs official LGD code,Active,Partially verified,2026-07-13,https://lgdirectory.gov.in/
Bhadravati,Chandrapur,Nagpur,Tehsildar,Block Development Officer,Taluka/Block office,Needs official LGD code,Active,Partially verified,2026-07-13,https://lgdirectory.gov.in/
Warora,Chandrapur,Nagpur,Tehsildar,Block Development Officer,Taluka/Block office,Needs official LGD code,Active,Partially verified,2026-07-13,https://lgdirectory.gov.in/
Chimur,Chandrapur,Nagpur,Tehsildar,Block Development Officer,Taluka/Block office,Needs official LGD code,Active,Partially verified,2026-07-13,https://lgdirectory.gov.in/
Nagbhid,Chandrapur,Nagpur,Tehsildar,Block Development Officer,Taluka/Block office,Needs official LGD code,Active,Partially verified,2026-07-13,https://lgdirectory.gov.in/
Brahmapuri,Chandrapur,Nagpur,Tehsildar,Block Development Officer,Taluka/Block office,Needs official LGD code,Active,Partially verified,2026-07-13,https://lgdirectory.gov.in/
Sindewahi,Chandrapur,Nagpur,Tehsildar,Block Development Officer,Taluka/Block office,Needs official LGD code,Active,Partially verified,2026-07-13,https://lgdirectory.gov.in/
Mul,Chandrapur,Nagpur,Tehsildar,Block Development Officer,Taluka/Block office,Needs official LGD code,Active,Partially verified,2026-07-13,https://lgdirectory.gov.in/
Saoli,Chandrapur,Nagpur,Tehsildar,Block Development Officer,Taluka/Block office,Needs official LGD code,Active,Partially verified,2026-07-13,https://lgdirectory.gov.in/
Rajura,Chandrapur,Nagpur,Tehsildar,Block Development Officer,Taluka/Block office,Needs official LGD code,Active,Partially verified,2026-07-13,https://lgdirectory.gov.in/
Korpana,Chandrapur,Nagpur,Tehsildar,Block Development Officer,Taluka/Block office,Needs official LGD code,Active,Partially verified,2026-07-13,https://lgdirectory.gov.in/
Jiwati,Chandrapur,Nagpur,Tehsildar,Block Development Officer,Taluka/Block office,Needs official LGD code,Active,Partially verified,2026-07-13,https://lgdirectory.gov.in/
Gondpipri,Chandrapur,Nagpur,Tehsildar,Block Development Officer,Taluka/Block office,Needs official LGD code,Active,Partially verified,2026-07-13,https://lgdirectory.gov.in/
Pombhurna,Chandrapur,Nagpur,Tehsildar,Block Development Officer,Taluka/Block office,Needs official LGD code,Active,Partially verified,2026-07-13,https://lgdirectory.gov.in/
Gadchiroli,Gadchiroli,Nagpur,Tehsildar,Block Development Officer,Taluka/Block office,Needs official LGD code,Active,Partially verified,2026-07-13,https://lgdirectory.gov.in/
Dhanora,Gadchiroli,Nagpur,Tehsildar,Block Development Officer,Taluka/Block office,Needs official LGD code,Active,Partially verified,2026-07-13,https://lgdirectory.gov.in/
Chamorshi,Gadchiroli,Nagpur,Tehsildar,Block Development Officer,Taluka/Block office,Needs official LGD code,Active,Partially verified,2026-07-13,https://lgdirectory.gov.in/
Mulchera,Gadchiroli,Nagpur,Tehsildar,Block Development Officer,Taluka/Block office,Needs official LGD code,Active,Partially verified,2026-07-13,https://lgdirectory.gov.in/
Desaiganj,Gadchiroli,Nagpur,Tehsildar,Block Development Officer,Taluka/Block office,Needs official LGD code,Active,Partially verified,2026-07-13,https://lgdirectory.gov.in/
Armori,Gadchiroli,Nagpur,Tehsildar,Block Development Officer,Taluka/Block office,Needs official LGD code,Active,Partially verified,2026-07-13,https://lgdirectory.gov.in/
Kurkheda,Gadchiroli,Nagpur,Tehsildar,Block Development Officer,Taluka/Block office,Needs official LGD code,Active,Partially verified,2026-07-13,https://lgdirectory.gov.in/
Korchi,Gadchiroli,Nagpur,Tehsildar,Block Development Officer,Taluka/Block office,Needs official LGD code,Active,Partially verified,2026-07-13,https://lgdirectory.gov.in/
Aheri,Gadchiroli,Nagpur,Tehsildar,Block Development Officer,Taluka/Block office,Needs official LGD code,Active,Partially verified,2026-07-13,https://lgdirectory.gov.in/
Etapalli,Gadchiroli,Nagpur,Tehsildar,Block Development Officer,Taluka/Block office,Needs official LGD code,Active,Partially verified,2026-07-13,https://lgdirectory.gov.in/
Bhamragad,Gadchiroli,Nagpur,Tehsildar,Block Development Officer,Taluka/Block office,Needs official LGD code,Active,Partially verified,2026-07-13,https://lgdirectory.gov.in/
Sironcha,Gadchiroli,Nagpur,Tehsildar,Block Development Officer,Taluka/Block office,Needs official LGD code,Active,Partially verified,2026-07-13,https://lgdirectory.gov.in/
